{
    "RunAllignment": 720374,
    "d_12": 921,
    "d_23": 91,
    "d_2crist": 43,
    "d_1crist": 964,
    "d_13": 1012,
    "d_tele1BC2": 1580,
    "data_dir": "/eos/project/i/insulab-como/testBeam/TB_2023_08_H8_SELDOM/HDF5",
    "offset_x2": 0.07806817598347049,
    "offset_y2": -0.3215607824343533,
    "offset_x3": 0.11587483304062503,
    "offset_y3": -0.5105463416185236,
    "offset_x4": -0.038727162032854784,
    "offset_y4": 4.21592233820313,
    "div_12x": 3.9158902242421664e-05,
    "div_12y": 2.856314570199142e-05,
    "div_13x": 3.8990252314782414e-05,
    "div_13y": 2.7872540269441723e-05,
    "div_BC1x": 3.758456156762604e-05,
    "div_BC1y": 2.7299236033839342e-05
}